entity_text,entity_type,wikidata_uri,wikidata_qid,wikidata_label,wikidata_description,confidence
- van de Burgt,Driver,,,,,0.0
AF Corse,Driver,http://www.wikidata.org/entity/Q1988831,Q1988831,AF Corse,auto racing team,0.6
Achille Varzi,Driver,http://www.wikidata.org/entity/Q340261,Q340261,Achille Varzi,Italian Grand Prix driver (1904-1948),1.0
Adrian Newey,Driver,http://www.wikidata.org/entity/Q173380,Q173380,Adrian Newey,British Formula One engineer,1.0
Agencia Cubana de Noticias,Driver,,,,,0.0
Al Hamad,Driver,http://www.wikidata.org/entity/Q20299841,Q20299841,Al Hamad,"village in Kharab Al Marashi District, Yemen",0.6
Al Hashmi,Driver,,,,,0.0
Alan Jones,Driver,http://www.wikidata.org/entity/Q172753,Q172753,Alan Jones,Australian racing driver and journalist (born 1946),1.0
Alberto Ascari,Driver,http://www.wikidata.org/entity/Q2086,Q2086,Alberto Ascari,Italian racing driver (1918–1955),1.0
Alberto Massimino,Driver,http://www.wikidata.org/entity/Q173564,Q173564,Alberto Massimino,Italian automobile designer,0.6
Alessandro Pier Guidi,Driver,http://www.wikidata.org/entity/Q505538,Q505538,Alessandro Pier Guidi,Italian racing driver,1.0
Alex Albon,Driver,http://www.wikidata.org/entity/Q16149172,Q16149172,Alexander Albon,Thai-British motorsports racing driver,0.6
Alex Lloyd,Driver,http://www.wikidata.org/entity/Q1361899,Q1361899,Alex Lloyd,British racing driver,1.0
Alexander Albon,Driver,http://www.wikidata.org/entity/Q16149172,Q16149172,Alexander Albon,Thai-British motorsports racing driver,1.0
Alexander Rossi,Driver,http://www.wikidata.org/entity/Q559962,Q559962,Alexander Rossi,American racing driver,1.0
Alfa Corse,Driver,http://www.wikidata.org/entity/Q3933157,Q3933157,Alfa Corse,alfa Romeo's factory racing team,0.6
Alfa Romeo,Driver,http://www.wikidata.org/entity/Q61467970,Q61467970,Alfa Romeo,1950-1951 period of the Alfa Romeo Formula One team,1.0
Alfred Neubauer,Driver,http://www.wikidata.org/entity/Q105566244,Q105566244,Alfred Neubauer,Holocaust victim (born 1904),0.6
Alfredo Caniato,Driver,http://www.wikidata.org/entity/Q112753838,Q112753838,Alfredo Caniato,,0.6
Algemeen Dagblad,Driver,http://www.wikidata.org/entity/Q290764,Q290764,Algemeen Dagblad,Dutch newspaper,0.6
Ali G,Driver,http://www.wikidata.org/entity/Q1751029,Q1751029,Ali G,fictional character created by Sacha Baron Cohen,0.6
Alpine F1,Driver,http://www.wikidata.org/entity/Q98930155,Q98930155,Alpine F1 Team,French Formula One racing team,0.8
Andrea Kimi Antonelli,Driver,http://www.wikidata.org/entity/Q112073790,Q112073790,Andrea Kimi Antonelli,Italian F1 driver,1.0
Andrea Margutti Trophy - OKJ[clarification,Driver,,,,,0.0
Andrea Stella,Driver,http://www.wikidata.org/entity/Q3616058,Q3616058,Andrea Stella,Italian engineer,0.6
Andrea de Adamich,Driver,http://www.wikidata.org/entity/Q173250,Q173250,Andrea de Adamich,Italian racing driver (1941–2025),1.0
Andrea de Cesaris.[53][54,Driver,,,,,0.0
Andreas Seidl,Driver,http://www.wikidata.org/entity/Q24175797,Q24175797,Andreas Seidl,"German artist, 1760-1834",0.6
Andretti Autosport,Driver,http://www.wikidata.org/entity/Q503406,Q503406,Andretti Autosport,American racecar team,0.6
Andrew Benson,Driver,http://www.wikidata.org/entity/Q112406366,Q112406366,Andrew Benson,,0.6
Andrew Lawrence,Driver,http://www.wikidata.org/entity/Q108875776,Q108875776,Andrew Lawrence,"Director of Corporate Affairs and Communications, Hutchison Whampoa Europe Ltd, since 2019 (Director of Corporate Affairs, 2012–18)",0.6
André Figueiredo,Driver,http://www.wikidata.org/entity/Q21290171,Q21290171,André Figueiredo,Brazilian politician and economist,0.6
Anthony Hamilton,Driver,http://www.wikidata.org/entity/Q573323,Q573323,Anthony Hamilton,"American singer, songwriter, and record producer",0.6
Anthony Kumpen,Driver,http://www.wikidata.org/entity/Q2852883,Q2852883,Anthony Kumpen,Belgian racing driver,1.0
Antonio Brivio,Driver,http://www.wikidata.org/entity/Q601003,Q601003,Antonio Brivio,racecar driver (1905–1995),0.6
Antonio Fuoco,Driver,http://www.wikidata.org/entity/Q15550466,Q15550466,Antonio Fuoco,Italian racing driver,1.0
Antonio Fuoco.[27][28,Driver,,,,,0.0
Antonio Giovinazzi,Driver,http://www.wikidata.org/entity/Q7084843,Q7084843,Antonio Giovinazzi,Italian racing driver,1.0
"Appendix 1 - ^ """,Driver,,,,,0.0
Appendix 2,Driver,http://www.wikidata.org/entity/Q104433224,Q104433224,Appendix 2,"appendix to Dinas Powys. An Iron Age, Dark Age and Early Medieval Site in Glamorgan, published in 1963",0.6
Arrow McLaren,Driver,http://www.wikidata.org/entity/Q2646582,Q2646582,Arrow McLaren,American racecar team,0.6
Arrow McLaren Rounds,Driver,,,,,0.0
Arrow Schmidt Peterson,Driver,,,,,0.0
Arrow Schmidt Peterson Motorsports,Driver,,,,,0.0
Arthur Leclerc,Driver,http://www.wikidata.org/entity/Q116953135,Q116953135,Arthur Leclerc,Canadian Catholic priest,0.6
Aston Martin F1,Driver,http://www.wikidata.org/entity/Q104620704,Q104620704,Aston Martin F1 Team,Formula One racing team,0.8
Aston Martin F1.com,Driver,,,,,0.0
Atlas F1,Driver,,,,,0.0
Audi Sport ABT Schaeffler,Driver,,,,,0.0
Austria 2023 - Championship,Driver,,,,,0.0
Autodrom Igora Drive,Driver,,,,,0.0
Autosport Awards,Driver,http://www.wikidata.org/entity/Q4034624,Q4034624,Autosport Awards,series of awards by Autosport,0.6
Avio Costruzioni Ferrari,Driver,,,,,0.0
Axalta Racing,Driver,,,,,0.0
Ayrton Senna,Driver,http://www.wikidata.org/entity/Q10490,Q10490,Ayrton Senna,Brazilian racing driver (1960-1994),1.0
Ayrton Senna Alain,Driver,,,,,0.0
Azerbaijan,Driver,http://www.wikidata.org/entity/Q227,Q227,Azerbaijan,country in the Caucasus in Eastern Europe and Western Asia,0.6
Azerbaijan Grands,Driver,,,,,0.0
BBC Panorama,Driver,,,,,0.0
BBC Sport,Driver,http://www.wikidata.org/entity/Q552359,Q552359,BBC Sport,sports division of the BBC,0.6
Bari Broumand,Driver,,,,,0.0
Belfast Telegraph,Driver,http://www.wikidata.org/entity/Q3985843,Q3985843,Belfast Telegraph,"British daily newspaper of Belfast, Northern Ireland",0.6
Belgian Twitch,Driver,,,,,0.0
Benedetto Vigna,Driver,http://www.wikidata.org/entity/Q3638113,Q3638113,Benedetto Vigna,Italian physicist,0.6
Bonito Allert van der Wal,Driver,,,,,0.0
Bonito Olli,Driver,,,,,0.0
Bono Huis Enzo,Driver,,,,,0.0
Brad Pitt,Driver,http://www.wikidata.org/entity/Q35332,Q35332,Brad Pitt,American actor and filmmaker (born 1963),0.6
Brands Hatch,Driver,http://www.wikidata.org/entity/Q10434745,Q10434745,Brands Hatch Racing,formula One sports car racing team,0.8
Brawn,Driver,http://www.wikidata.org/entity/Q17596,Q17596,Brawn GP,Formula One motor racing team,0.8
Brendon Leigh,Driver,http://www.wikidata.org/entity/Q110143710,Q110143710,Brendon Leigh,British racing driver,1.0
Brendon Leigh Bono,Driver,,,,,0.0
Brendon Leigh Patryk Krutyi,Driver,,,,,0.0
Breonna Taylor,Driver,http://www.wikidata.org/entity/Q96075512,Q96075512,Breonna Taylor,"EMT, victim of police shooting in the United States (1993-2020)",0.6
Brian Barnhart,Driver,http://www.wikidata.org/entity/Q4963058,Q4963058,Brian Barnhart,American racing driver,1.0
Bruce McLaren,Driver,http://www.wikidata.org/entity/Q172030,Q172030,McLaren,British Formula One team,0.6
Bruno Giacomelli,Driver,http://www.wikidata.org/entity/Q173112,Q173112,Bruno Giacomelli,Italian racing driver,1.0
Bruno Giacomelli Gilles Villeneuve,Driver,,,,,0.0
Bruno Senna,Driver,http://www.wikidata.org/entity/Q82864,Q82864,Bruno Senna,Brazilian racing driver,1.0
Bryant Gumbel,Driver,http://www.wikidata.org/entity/Q4980575,Q4980575,Bryant Gumbel,"American television journalist and sportscaster, best known for his 15 years as co-host of NBC's Today (born September 29, 1948)",0.6
CNA Lifestyle,Driver,,,,,0.0
CNN Sport,Driver,,,,,0.0
Carl Williams,Driver,http://www.wikidata.org/entity/Q116739359,Q116739359,Carl Williams,arranger,0.6
Carlo Maria Pintacuda,Driver,http://www.wikidata.org/entity/Q1042293,Q1042293,Carlo Maria Pintacuda,racecar driver (1900-1971),0.6
Carlos Reutemann,Driver,http://www.wikidata.org/entity/Q173238,Q173238,Carlos Reutemann,Argentine racing driver and politician,1.0
Carlos Sainz,Driver,http://www.wikidata.org/entity/Q211204,Q211204,Carlos Sainz,Spanish racing driver,1.0
Carlos Sainz Jr.,Driver,http://www.wikidata.org/entity/Q544856,Q544856,Carlos Sainz Jr.,Spanish racing driver,1.0
Carlos Sainz Jr.[87],Driver,,,,,0.0
Carmen Larbalestier,Driver,,,,,0.0
Carrera Panamericana,Driver,http://www.wikidata.org/entity/Q1044949,Q1044949,Carrera Panamericana,sports car race held in Mexico,0.6
Cavallino Rampante,Driver,http://www.wikidata.org/entity/Q169898,Q169898,Scuderia Ferrari,Formula One team,0.6
Centre Woking,Driver,,,,,0.0
Champions Denny Hulme,Driver,,,,,0.0
Charles Cooper,Driver,http://www.wikidata.org/entity/Q111325010,Q111325010,Charles Cooper,Anerican politician,0.6
Charles Leclerc,Driver,http://www.wikidata.org/entity/Q17541912,Q17541912,Charles Leclerc,Monegasque racing driver,1.0
"Charles Leclerc,[71",Driver,,,,,0.0
Charles Leclerc.[171] Hamilton,Driver,,,,,0.0
Charlie Whiting,Driver,http://www.wikidata.org/entity/Q173538,Q173538,Charlie Whiting,Formula One race director,1.0
Chase Carey,Driver,http://www.wikidata.org/entity/Q5087105,Q5087105,Chase Carey,American businessman,0.6
Checo Pérez,Driver,http://www.wikidata.org/entity/Q82805,Q82805,Sergio Pérez,Mexican racing driver (1990-),0.6
Chris Amon,Driver,http://www.wikidata.org/entity/Q171469,Q171469,Chris Amon,New Zealand racing driver,1.0
Chris Lulham,Driver,http://www.wikidata.org/entity/Q134506456,Q134506456,Chris Lulham,British racing driver (born 2003),1.0
Christian Aid,Driver,http://www.wikidata.org/entity/Q5109265,Q5109265,Christian Aid,UK nonprofit organization,0.6
Christian Horner,Driver,http://www.wikidata.org/entity/Q173472,Q173472,Christian Horner,Former British motorsport executive and former racing driver (1973-),1.0
Christian Lundgaard,Driver,http://www.wikidata.org/entity/Q28037411,Q28037411,Christian Lundgaard,Danish racing driver,1.0
Christopher Haase,Driver,http://www.wikidata.org/entity/Q91017,Q91017,Christopher Haase,German racing driver,1.0
Circuito de Jerez,Driver,,,,,0.0
Circuito di Garda,Driver,,,,,0.0
Claudio Lombardi,Driver,http://www.wikidata.org/entity/Q173868,Q173868,Claudio Lombardi,Italian Formula One engineer,1.0
Clay Regazzoni,Driver,http://www.wikidata.org/entity/Q173284,Q173284,Clay Regazzoni,Swiss racecar driver,0.6
Collantine Publishing,Driver,,,,,0.0
Comic Relief,Driver,http://www.wikidata.org/entity/Q1114459,Q1114459,Comic Relief,British charity,0.6
"Comic Relief,[402]",Driver,,,,,0.0
Complete Extreme,Driver,,,,,0.0
Cristina Gutiérrez,Driver,http://www.wikidata.org/entity/Q19817503,Q19817503,Cristina Gutiérrez,Spanish racing driver,1.0
Côme Ledogar,Driver,http://www.wikidata.org/entity/Q16538533,Q16538533,Côme Ledogar,French racing driver,1.0
DAVID MALU,Driver,http://www.wikidata.org/entity/Q56690547,Q56690547,David Malukas,Lithuanian-American racing driver,0.8
Dale Coyne Racing.[227][228],Driver,,,,,0.0
Dan Gurney,Driver,http://www.wikidata.org/entity/Q171466,Q171466,Dan Gurney,"American racing driver, constructor and team owner",1.0
Dani Moreno,Driver,http://www.wikidata.org/entity/Q123102441,Q123102441,Dani Moreno,Spanish radio host,0.6
Daniel Abt,Driver,http://www.wikidata.org/entity/Q70928,Q70928,Daniel Abt,German racing driver,1.0
Daniel Berezmay,Driver,,,,,0.0
Daniel Bereznay,Driver,,,,,0.0
Daniel Bereznay István Puki Jake Benham,Driver,,,,,0.0
Daniel Guinchard,Driver,,,,,0.0
Daniel Juncadella,Driver,http://www.wikidata.org/entity/Q256914,Q256914,Daniel Juncadella,Spanish racing driver,1.0
Daniel Ricciardo,Driver,http://www.wikidata.org/entity/Q82816,Q82816,Daniel Ricciardo,Australian racing driver,1.0
Daniel Ricciardo Lando Norris,Driver,,,,,0.0
Daniel Ricciardo.[334] Marko,Driver,,,,,0.0
Daniel Serra,Driver,http://www.wikidata.org/entity/Q112485405,Q112485405,Daniel Serra,French economist,0.6
Daniel Shields,Driver,,,,,0.0
Daniele Audetto,Driver,http://www.wikidata.org/entity/Q3014933,Q3014933,Daniele Audetto,Italian racing driver,1.0
Daniil Kvyat,Driver,http://www.wikidata.org/entity/Q979668,Q979668,Daniil Kvyat,Russian racing car driver,0.6
Dario Mitidieri,Driver,http://www.wikidata.org/entity/Q21557602,Q21557602,Dario Mitidieri,photographer (born 1959),0.6
David Coulthard,Driver,http://www.wikidata.org/entity/Q172832,Q172832,David Coulthard,British racing driver,1.0
David Coulthard Mika Häkkinen,Driver,,,,,0.0
David Hobbs,Driver,http://www.wikidata.org/entity/Q173466,Q173466,David Hobbs,"British former racing driver, racing commentator",1.0
David Malukas,Driver,http://www.wikidata.org/entity/Q56690547,Q56690547,David Malukas,Lithuanian-American racing driver,1.0
David Sanchez,Driver,http://www.wikidata.org/entity/Q110317087,Q110317087,David Sanchez,French Formula One engineer,1.0
David Tremayne,Driver,http://www.wikidata.org/entity/Q5240496,Q5240496,David Tremayne,British racing driver,1.0
Dawn Apollo Films,Driver,,,,,0.0
De Vries,Driver,http://www.wikidata.org/entity/Q1180481,Q1180481,De Vries,family name,0.6
Dempsey Parr,Driver,,,,,0.0
Dennis Olsen,Driver,http://www.wikidata.org/entity/Q16539560,Q16539560,Dennis Olsen,Norwegian racing driver,1.0
Denny Hulme,Driver,http://www.wikidata.org/entity/Q3166,Q3166,Denny Hulme,New Zealand racing driver (1936–1992),1.0
Denny Hulme Bruce McLaren,Driver,,,,,0.0
Denny Hulme Mike Hailwood,Driver,,,,,0.0
Denny Hulme Peter Revson Brian Redman,Driver,,,,,0.0
Derek Bell,Driver,http://www.wikidata.org/entity/Q111045277,Q111045277,Derek Bell,badminton player,0.6
Di Grassi,Driver,http://www.wikidata.org/entity/Q172783,Q172783,Lucas Di Grassi,Brazilian racing driver,0.6
Dick Dastardly',Driver,,,,,0.0
Dick Dastardly.[357,Driver,,,,,0.0
Didier Pironi,Driver,http://www.wikidata.org/entity/Q171432,Q171432,Didier Pironi,French racing driver (1952-1987),1.0
Dominant Dennis,Driver,,,,,0.0
Door al dat karten,Driver,,,,,0.0
Driver Database,Driver,http://www.wikidata.org/entity/Q19587362,Q19587362,Driver Database,Database about Car Racing,0.6
Duell von Max Verstappen,Driver,,,,,0.0
Dutch,Driver,http://www.wikidata.org/entity/Q7411,Q7411,Dutch,West Germanic language,0.6
Ed Hardy,Driver,http://www.wikidata.org/entity/Q108050308,Q108050308,Ed Hardy,American football player (born 1951),0.6
Eddie Irvine,Driver,http://www.wikidata.org/entity/Q171397,Q171397,Eddie Irvine,British racecar driver,0.6
Eddie Jordan,Driver,http://www.wikidata.org/entity/Q1134403,Q1134403,Eddie Jordan,American basketball player,0.6
Elliott becoming Chief Technical Officer,Driver,,,,,0.0
Emerson Fittipaldi,Driver,http://www.wikidata.org/entity/Q108878276,Q108878276,Emerson Fittipaldi Jr.,Brazilian racing driver (born 2007),0.8
Emily McNally,Driver,,,,,0.0
Emma Gilmour,Driver,http://www.wikidata.org/entity/Q110584432,Q110584432,Emma Gilmour,New Zealand rally driver,0.6
Enzo Ferrari,Driver,http://www.wikidata.org/entity/Q181282,Q181282,Enzo Ferrari,"Italian racing driver and entrepreneur, founder of the Ferrari (1898–1988)",1.0
Eraldo Sculati,Driver,,,,,0.0
Eric Boullier,Driver,,,,,0.0
Estrella Galicia,Driver,http://www.wikidata.org/entity/Q3394030,Q3394030,Estrella Galicia,Spanish beer,0.6
Ethan Jeff-Hall,Driver,http://www.wikidata.org/entity/Q137856653,Q137856653,Ethan Jeff-Hall,British racing driver (born 2008),1.0
Eugenio Dragoni,Driver,http://www.wikidata.org/entity/Q1373306,Q1373306,Eugenio Dragoni,,0.6
Evening Standard,Driver,http://www.wikidata.org/entity/Q666494,Q666494,Evening Standard,daily tabloid newspaper in London,0.6
Extreme E. 17,Driver,,,,,0.0
Extreme E. 6,Driver,,,,,0.0
F1 Briefings,Driver,,,,,0.0
F1 COVID vaccination,Driver,,,,,0.0
F1 Chronicle,Driver,,,,,0.0
F1 Fanatic,Driver,,,,,0.0
F1 Fanatic.co.uk,Driver,,,,,0.0
F1 History,Driver,,,,,0.0
F1 Oversteer,Driver,,,,,0.0
F1 Racing,Driver,,,,,0.0
Federico Giberti,Driver,http://www.wikidata.org/entity/Q88430333,Q88430333,Federico Giberti,researcher,0.6
Felipe Massa,Driver,http://www.wikidata.org/entity/Q82652,Q82652,Felipe Massa,Brazilian race car driver,0.6
Felipe Nasr,Driver,http://www.wikidata.org/entity/Q777319,Q777319,Felipe Nasr,Brazilian racing driver (born 1992),1.0
Felix Rosenqvist,Driver,http://www.wikidata.org/entity/Q1403778,Q1403778,Felix Rosenqvist,Swedish professional racing driver,1.0
Fernando Alonso,Driver,http://www.wikidata.org/entity/Q10514,Q10514,Fernando Alonso,Spanish racing driver,1.0
Ferrari Formula 1 Car,Driver,,,,,0.0
Formel 1,Driver,http://www.wikidata.org/entity/Q108886227,Q108886227,Formula One race start,event in which an individual car officially starts the Formula One race,0.6
Formula 1,Driver,http://www.wikidata.org/entity/Q48311119,Q48311119,2018 Monaco Grand Prix,6th round of the 2018 Formula One season,0.6
Formula 1 News,Driver,,,,,0.0
Formula 1 stewards,Driver,,,,,0.0
Formula 1®,Driver,,,,,0.0
Formula 2,Driver,http://www.wikidata.org/entity/Q16556890,Q16556890,Formula 2,1973 studio album by Loretta Goggi,0.6
Formula 3 Euro Series,Driver,http://www.wikidata.org/entity/Q1003026,Q1003026,Formula 3 Euro Series,auto racing championship in Europe,0.6
Formula A,Driver,,,,,0.0
Formula E Gen3,Driver,http://www.wikidata.org/entity/Q115524715,Q115524715,Formula E Gen3,Formula E electric single-seater series,0.6
Formula E and Extreme,Driver,,,,,0.0
Formula E. 2,Driver,,,,,0.0
Formula E. 29 July 2024,Driver,,,,,0.0
Formula E. McLaren,Driver,,,,,0.0
Formula One - Formula,Driver,,,,,0.0
Formula Rapida,Driver,,,,,0.0
Formula Renault,Driver,http://www.wikidata.org/entity/Q548230,Q548230,Formula Renault,race car class,0.6
Formula Scout,Driver,,,,,0.0
Formula Spy,Driver,,,,,0.0
Formula Three,Driver,http://www.wikidata.org/entity/Q105748930,Q105748930,Formula Three driver,racing driver competing in the Formula Three,0.8
Formule Renault,Driver,,,,,0.0
Fox Sport,Driver,,,,,0.0
Franco Lini,Driver,http://www.wikidata.org/entity/Q1442603,Q1442603,Franco Lini,Italian journalist,0.6
Franz Hermann,Driver,http://www.wikidata.org/entity/Q91295,Q91295,Franz Hermann,cardinal,0.6
Franz Tost,Driver,http://www.wikidata.org/entity/Q112133,Q112133,Franz Tost,Austrian racing driver,1.0
Franz Tost: ',Driver,,,,,0.0
Fred Smith,Driver,http://www.wikidata.org/entity/Q5496300,Q5496300,Fred Smith,English footballer born in 1942,0.6
Frederik Vesti - Junior Drivers,Driver,,,,,0.0
Frikadelli Racing,Driver,http://www.wikidata.org/entity/Q1464891,Q1464891,Frikadelli Racing,,0.6
Fórmula 1 Max Verstappen,Driver,,,,,0.0
Gary Anderson,Driver,http://www.wikidata.org/entity/Q12348135,Q12348135,Gary Anderson,American Esperantist,0.6
Gary Rose,Driver,http://www.wikidata.org/entity/Q40479305,Q40479305,Gary Rose,American combat medic,0.6
Gavin Ward.[224,Driver,,,,,0.0
George Floyd,Driver,http://www.wikidata.org/entity/Q95677819,Q95677819,George Floyd,"African American man who was a victim of police violence in the United States, killed by Derek Chauvin",0.6
George Follmer,Driver,http://www.wikidata.org/entity/Q172096,Q172096,George Follmer,racecar driver,0.6
George Kurtz,Driver,http://www.wikidata.org/entity/Q50082669,Q50082669,George Kurtz,American billionaire businessman,0.6
George Lucas,Driver,http://www.wikidata.org/entity/Q38222,Q38222,George Lucas,American filmmaker (born 1944),0.6
George Russell,Driver,http://www.wikidata.org/entity/Q17319645,Q17319645,George Russell,British racing driver (born 1998),1.0
Gerald Donaldson,Driver,http://www.wikidata.org/entity/Q123692630,Q123692630,Gerald Donaldson,Canadian biographer (1938–2025),0.6
Gerhard Berger,Driver,http://www.wikidata.org/entity/Q78502,Q78502,Gerhard Berger,Austrian former Formula One racing driver,1.0
Giancarlo Baghetti,Driver,http://www.wikidata.org/entity/Q171478,Q171478,Giancarlo Baghetti,racecar driver,0.6
Giancarlo Fisichella,Driver,http://www.wikidata.org/entity/Q172712,Q172712,Giancarlo Fisichella,Italian racecar driver,0.6
Gianmaria Bruni,Driver,http://www.wikidata.org/entity/Q173190,Q173190,Gianmaria Bruni,"Formula One and sportscar racing driver, three-time winner of the FIA World Endurance Cup for GT Drivers",1.0
Gil de Ferran,Driver,http://www.wikidata.org/entity/Q705516,Q705516,Gil de Ferran,Franco-Brazilian pilot racecar driver and team owner (1967–2023),0.6
Giles Richards,Driver,http://www.wikidata.org/entity/Q131746679,Q131746679,Giles Richards,,0.6
Gilles Villeneuve,Driver,http://www.wikidata.org/entity/Q172845,Q172845,Gilles Villeneuve,Canadian racing driver (1950–1982),1.0
Giorgio Pantano,Driver,http://www.wikidata.org/entity/Q61917,Q61917,Giorgio Pantano,Italian racing driver,1.0
Giuseppe Campari,Driver,http://www.wikidata.org/entity/Q1385724,Q1385724,Giuseppe Campari,racecar driver (1892–1933),0.6
Giuseppe Farina,Driver,http://www.wikidata.org/entity/Q108898480,Q108898480,Giuseppe Farina,Formula One team,1.0
Gopal Srivastava,Driver,,,,,0.0
Gordon Coppuck,Driver,http://www.wikidata.org/entity/Q5585030,Q5585030,Gordon Coppuck,British racing car designer,0.6
Gordon Murray,Driver,http://www.wikidata.org/entity/Q42883581,Q42883581,Gordon Murray,researcher,0.6
Graham Hill,Driver,http://www.wikidata.org/entity/Q3128,Q3128,Graham Hill,British racing driver (1929–1975),1.0
Gran Turismo,Driver,http://www.wikidata.org/entity/Q652928,Q652928,Gran Turismo,video game series,0.6
Greg Stuart,Driver,http://www.wikidata.org/entity/Q67179719,Q67179719,Greg Stuart,researcher,0.6
Guanyu Zhou,Driver,http://www.wikidata.org/entity/Q17327107,Q17327107,Zhou Guanyu,Chinese racing driver,0.6
Guardian Newspapers,Driver,,,,,0.0
Guild Publishing,Driver,,,,,0.0
Guy Moll,Driver,http://www.wikidata.org/entity/Q1373877,Q1373877,Guy Moll,French racing driver (1910–1934),1.0
Hajime Sorayama,Driver,http://www.wikidata.org/entity/Q276692,Q276692,Hajime Sorayama,Japanese illustrator (born 1947),0.6
Hamilton Verstappen,Driver,,,,,0.0
Hans Herrmann,Driver,http://www.wikidata.org/entity/Q65915,Q65915,Hans Herrmann,German racing driver,1.0
Harry King,Driver,http://www.wikidata.org/entity/Q104839572,Q104839572,Harry King,British racing driver,1.0
Hart van Nederland,Driver,http://www.wikidata.org/entity/Q2199100,Q2199100,Hart van Nederland,Dutch TV program,0.6
Hawthorn Memorial,Driver,http://www.wikidata.org/entity/Q19978796,Q19978796,Hawthorn Memorial Trophy,trophy awarded to top British or Commonwealth driver in a Formula One season,0.8
Hawthorn Memorial Trophy,Driver,http://www.wikidata.org/entity/Q19978796,Q19978796,Hawthorn Memorial Trophy,trophy awarded to top British or Commonwealth driver in a Formula One season,1.0
Hawthorn Trophy,Driver,,,,,0.0
Hearst Autos,Driver,,,,,0.0
Heikki Kovalainen,Driver,http://www.wikidata.org/entity/Q82891,Q82891,Heikki Kovalainen,Finnish racecar driver,0.6
Helmut Marko,Driver,http://www.wikidata.org/entity/Q78545,Q78545,Helmut Marko,Formula One executive and former driver,1.0
Henry 1999,Driver,,,,,0.0
Hockenheim European F3,Driver,,,,,0.0
Honorary Fellows,Driver,http://www.wikidata.org/entity/Q94420485,Q94420485,Honorary Fellows,,0.6
Huis Enzo,Driver,,,,,0.0
Igora Drive,Driver,http://www.wikidata.org/entity/Q69825171,Q69825171,Igora Drive,"motor racing venue, which is situated in the Priozersky District of Leningrad Oblast",0.6
Incognitio Max Verstappen,Driver,,,,,0.0
Indy Cars,Driver,,,,,0.0
Irish Examiner,Driver,http://www.wikidata.org/entity/Q1520619,Q1520619,Irish Examiner,Irish national daily newspaper based in Cork,0.6
Jaar 2016,Driver,,,,,0.0
Jack Brabham,Driver,http://www.wikidata.org/entity/Q2125,Q2125,Jack Brabham,Australian racing driver (1926–2014),1.0
Jack Doohan,Driver,http://www.wikidata.org/entity/Q81453998,Q81453998,Jack Doohan,Australian racing driver (born 2003),1.0
Jackie Oliver,Driver,http://www.wikidata.org/entity/Q171720,Q171720,Jackie Oliver,English racing driver,1.0
Jackie Stewart,Driver,http://www.wikidata.org/entity/Q3188,Q3188,Jackie Stewart,Scottish racing driver,1.0
Jacky Ickx,Driver,http://www.wikidata.org/entity/Q173123,Q173123,Jacky Ickx,Belgian racecar driver,0.6
Jacques Villeneuve,Driver,http://www.wikidata.org/entity/Q374813,Q374813,Gilles Villeneuve,"Canadian racing driver, born 1953",0.6
Jake Hughes,Driver,http://www.wikidata.org/entity/Q17541830,Q17541830,Jake Hughes,British racing driver,1.0
James Allen,Driver,http://www.wikidata.org/entity/Q6128627,Q6128627,James Allen,American antique collector,0.6
James Allison,Driver,http://www.wikidata.org/entity/Q3913494,Q3913494,James Allison,British motorsport designer and engineer,0.6
James Baldwin,Driver,http://www.wikidata.org/entity/Q273210,Q273210,James Baldwin,American writer (1924–1987),0.6
James Barclay,Driver,http://www.wikidata.org/entity/Q108525874,Q108525874,James Barclay,Scottish minister and footballer (1844–1920),0.6
James Calado,Driver,http://www.wikidata.org/entity/Q1680121,Q1680121,James Calado,British racing driver,1.0
James Elson,Driver,http://www.wikidata.org/entity/Q94295616,Q94295616,James Elson,,0.6
James Galloway,Driver,http://www.wikidata.org/entity/Q108284640,Q108284640,James Galloway,"British Royal Navy officer, commander in 1806 (died 1846)",0.6
James Hunt,Driver,http://www.wikidata.org/entity/Q140393,Q140393,James Hunt,British racing driver (1947–1993),1.0
James Hunt Jochen Mass,Driver,,,,,0.0
James Hunt Patrick,Driver,,,,,0.0
James Key,Driver,http://www.wikidata.org/entity/Q30624,Q30624,James Key,British engineer,0.6
James Vowles,Driver,http://www.wikidata.org/entity/Q708167,Q708167,James Vowles,British motorsport engineer,0.6
Jean Todt,Driver,http://www.wikidata.org/entity/Q171998,Q171998,Jean Todt,"former FIA President, UN SG's Special Envoy for Road Safety",0.6
Jean-Éric Vergne,Driver,http://www.wikidata.org/entity/Q82829,Q82829,Jean-Éric Vergne,French racing driver (Son Of Daniel Ricciardo in STR Ferrari),1.0
Jeffrey Katzenberg &,Driver,,,,,0.0
Jenson Button,Driver,http://www.wikidata.org/entity/Q10510,Q10510,Jenson Button,British racing driver,1.0
Jenson Button Lewis Hamilton,Driver,,,,,0.0
Jim Clark,Driver,http://www.wikidata.org/entity/Q3137,Q3137,Jim Clark,British racecar driver (1936–1968),0.6
Jim Hall,Driver,http://www.wikidata.org/entity/Q433054,Q433054,Jim Hall,"American jazz guitarist, composer (1930–2013)",0.6
Jim Holden,Driver,http://www.wikidata.org/entity/Q28031233,Q28031233,Jim Holden,character from The Expanse,0.6
Jim Ratcliffe,Driver,http://www.wikidata.org/entity/Q1440023,Q1440023,Jim Ratcliffe,British chemical engineer turned financier and industrialist,0.6
Jochen Mass,Driver,http://www.wikidata.org/entity/Q57459,Q57459,Jochen Mass,German racecar driver (1946–2025),0.6
Jock Clear,Driver,http://www.wikidata.org/entity/Q173232,Q173232,Jock Clear,British engineer,0.6
Jody Scheckter,Driver,http://www.wikidata.org/entity/Q172775,Q172775,Jody Scheckter,South African racecar driver,0.6
Joe Saward,Driver,http://www.wikidata.org/entity/Q6212197,Q6212197,Joe Saward,British motoring journalist,0.6
John Barnard,Driver,http://www.wikidata.org/entity/Q6220744,Q6220744,John Barnard,English supporter of James II of England,0.6
John Blake Publishing,Driver,http://www.wikidata.org/entity/Q129560756,Q129560756,John Blake Publishing,publisher,0.6
John Blake Publishing Ltd.,Driver,,,,,0.0
John Dagys Media,Driver,,,,,0.0
John Elkann,Driver,http://www.wikidata.org/entity/Q284011,Q284011,John Elkann,American-Italian businessman,0.6
John Hogan,Driver,http://www.wikidata.org/entity/Q1268342,Q1268342,John Hogan,American politician (1805-1892),0.6
John Surtees,Driver,http://www.wikidata.org/entity/Q3153,Q3153,John Surtees,British motorcycle and automobile racer (1934–2017),0.6
John Watson,Driver,http://www.wikidata.org/entity/Q108162337,Q108162337,John Watson,"British Royal Navy officer, commander in 1814",0.6
John Watson Alain,Driver,,,,,0.0
John Watson Andrea de Cesaris,Driver,,,,,0.0
John Watson Niki Lauda,Driver,,,,,0.0
John Watson Patrick Tambay,Driver,,,,,0.0
"John Watson,[216",Driver,,,,,0.0
Johnnie Walker,Driver,http://www.wikidata.org/entity/Q6266126,Q6266126,Johnnie Walker,Australian racing driver,1.0
Johnny Herbert,Driver,http://www.wikidata.org/entity/Q172751,Q172751,Johnny Herbert,British racing driver,1.0
Johnny Rutherford,Driver,http://www.wikidata.org/entity/Q980888,Q980888,Johnny Rutherford,American racecar driver,0.6
Jolyon Palmer,Driver,http://www.wikidata.org/entity/Q714365,Q714365,Jolyon Palmer,British racing driver,1.0
Jordan Sponsor Bumped,Driver,,,,,0.0
Jos Verstappen,Driver,http://www.wikidata.org/entity/Q173145,Q173145,Jos Verstappen,Dutch racing driver,1.0
Josef Kaufmann Racing,Driver,http://www.wikidata.org/entity/Q11867060,Q11867060,Josef Kaufmann Racing,,0.6
Joseph Harker,Driver,http://www.wikidata.org/entity/Q18732718,Q18732718,Joseph Harker,British scene painter and theatrical designer (1855–1927),0.6
Joseph Kosinski,Driver,http://www.wikidata.org/entity/Q2444076,Q2444076,Joseph Kosinski,American film director,0.6
Juan Manuel Fangio,Driver,http://www.wikidata.org/entity/Q2069,Q2069,Juan Manuel Fangio,Argentine racing driver (1911–1995),1.0
Juan Pablo Montoya,Driver,http://www.wikidata.org/entity/Q172744,Q172744,Juan Pablo Montoya,Colombian racing driver; former Formula One driver,1.0
Juan Pablo Montoya.[222],Driver,,,,,0.0
Jules Gounon,Driver,http://www.wikidata.org/entity/Q17541789,Q17541789,Jules Gounon,French professional racing driver,1.0
Kaia Gerber,Driver,http://www.wikidata.org/entity/Q22673974,Q22673974,Kaia Gerber,American model and actress,0.6
Karl Kling,Driver,http://www.wikidata.org/entity/Q63713,Q63713,Karl Kling,German racing driver (1910-2003),1.0
Karlie Kloss,Driver,http://www.wikidata.org/entity/Q292749,Q292749,Karlie Kloss,American fashion model,0.6
Karting Hamilton,Driver,,,,,0.0
Kaspersky Lab,Driver,http://www.wikidata.org/entity/Q489943,Q489943,Kaspersky Lab,Russian multinational cybersecurity and anti-virus provider,0.6
Kavin Garside,Driver,,,,,0.0
Keith Collantine,Driver,,,,,0.0
Keke Rosberg,Driver,http://www.wikidata.org/entity/Q171381,Q171381,Keke Rosberg,Finnish racing driver,1.0
Kelly Piquet,Driver,http://www.wikidata.org/entity/Q21290333,Q21290333,Kelly Piquet,"Brazilian model, columnist, blogger and public relations professional",0.6
Kessel Racing,Driver,http://www.wikidata.org/entity/Q30743988,Q30743988,Kessel Racing,,0.6
Kevin Magnussen,Driver,http://www.wikidata.org/entity/Q1740212,Q1740212,Kevin Magnussen,Danish racing driver (born 1992),1.0
Kevin Magnussen Jenson Button,Driver,,,,,0.0
Kevin Magnussen.[160] Compared,Driver,,,,,0.0
Kick Sauber,Driver,http://www.wikidata.org/entity/Q132554259,Q132554259,Kick Sauber C45,2025 Formula One car,0.8
Kick Sauber F1,Driver,,,,,0.0
Kim Kardashian,Driver,http://www.wikidata.org/entity/Q186304,Q186304,Kim Kardashian,"American media personality, businesswoman, model and actress (born 1980)",0.6
Kimi Antonelli,Driver,http://www.wikidata.org/entity/Q112073790,Q112073790,Andrea Kimi Antonelli,Italian F1 driver,0.6
Kimi Räikkönen,Driver,http://www.wikidata.org/entity/Q11192,Q11192,Kimi Räikkönen,Finnish racing driver,1.0
Klaas Prinsloo,Driver,,,,,0.0
Lance Stroll,Driver,http://www.wikidata.org/entity/Q16238921,Q16238921,Lance Stroll,Canadian and Belgian racing driver,1.0
Lando Norris,Driver,http://www.wikidata.org/entity/Q22007193,Q22007193,Lando Norris,British and Belgian racing driver (born 1999),1.0
Laureus Sport,Driver,,,,,0.0
LeBron Dominate,Driver,,,,,0.0
Leigh Diffey,Driver,http://www.wikidata.org/entity/Q16207168,Q16207168,Leigh Diffey,Australian sports commentator,0.6
Leonardo DiCaprio,Driver,http://www.wikidata.org/entity/Q38111,Q38111,Leonardo DiCaprio,American actor and producer (born 1974),0.6
Lewis Carl Davidson Hamilton,Driver,http://www.wikidata.org/entity/Q9673,Q9673,Lewis Hamilton,British racing driver,0.6
Lewis Hamilton,Driver,http://www.wikidata.org/entity/Q9673,Q9673,Lewis Hamilton,British racing driver,1.0
Lewis Hamilton ',Driver,,,,,0.0
Lewis Hamilton Archived,Driver,,,,,0.0
Lewis Hamilton Biography,Driver,,,,,0.0
Lewis Hamilton George Russell,Driver,,,,,0.0
Lewis Hamilton George Russell Valtteri Bottas,Driver,,,,,0.0
Lewis Hamilton Handed Special Award,Driver,,,,,0.0
Lewis Hamilton Heikki Kovalainen,Driver,,,,,0.0
Lewis Hamilton Jenson Button,Driver,,,,,0.0
Lewis Hamilton Launches Film &,Driver,,,,,0.0
Lewis Hamilton Lewis Hamilton,Driver,,,,,0.0
Lewis Hamilton Meets,Driver,,,,,0.0
Lewis Hamilton Named,Driver,,,,,0.0
Lewis Hamilton Unveiled,Driver,,,,,0.0
Lewis Hamilton Urges,Driver,,,,,0.0
Lewis Hamilton Valtteri Bottas,Driver,,,,,0.0
Lewis Hamilton-Nico Rosberg,Driver,,,,,0.0
Lewis Hamilton.[102][103,Driver,,,,,0.0
Liam Lawson,Driver,http://www.wikidata.org/entity/Q59180330,Q59180330,Liam Lawson,New Zealand motor racing driver,1.0
Liam Lawson.[52,Driver,,,,,0.0
Lionel Messi,Driver,http://www.wikidata.org/entity/Q615,Q615,Lionel Messi,Argentine association football player (born 1987),0.6
Logan Sargeant,Driver,http://www.wikidata.org/entity/Q28037494,Q28037494,Logan Sargeant,American racing driver,1.0
Lorenz Frey-Hilti,Driver,,,,,0.0
Lorenzo Bandini,Driver,http://www.wikidata.org/entity/Q173006,Q173006,Lorenzo Bandini,Italian racecar driver,0.6
Louis Chiron,Driver,http://www.wikidata.org/entity/Q173226,Q173226,Louis Chiron,Monegasque racing driver,1.0
Loïc Serra,Driver,http://www.wikidata.org/entity/Q105080406,Q105080406,Loïc Serra,French engineer,0.6
Luca di Montezemolo,Driver,,,,,0.0
Lucas Blakeley,Driver,http://www.wikidata.org/entity/Q136419521,Q136419521,Lucas Blakeley,British racing driver (born 2001),1.0
Luigi Bazzi,Driver,http://www.wikidata.org/entity/Q18222735,Q18222735,Luigi Bazzi,,0.6
Luke Browning,Driver,http://www.wikidata.org/entity/Q108545692,Q108545692,Luke Browning,British racing driver (born 2002),1.0
Luke Slater,Driver,http://www.wikidata.org/entity/Q100923586,Q100923586,Luke Slater,college basketball player (2005–2005) Army,0.6
Luna Fluxa,Driver,http://www.wikidata.org/entity/Q132858119,Q132858119,Luna Fluxá,Spanish racing driver,0.6
M26.[47] Hunt,Driver,,,,,0.0
Magneti Marelli,Driver,http://www.wikidata.org/entity/Q1884343,Q1884343,Magneti Marelli,Italian manufacturer of components for the automotive industry,0.6
Maiden Win,Driver,,,,,0.0
Mansour Ojjeh,Driver,http://www.wikidata.org/entity/Q173646,Q173646,Mansour Ojjeh,Saudi Arabian businessman,0.6
Marc Márquez,Driver,http://www.wikidata.org/entity/Q40615,Q40615,Marc Márquez,Spanish motorcycle racer (born 1993),0.6
Marco Piccinini,Driver,http://www.wikidata.org/entity/Q85648347,Q85648347,Marco Piccinini,researcher (ORCID 0000-0003-2287-0704),0.6
Mario Andretti,Driver,http://www.wikidata.org/entity/Q171312,Q171312,Mario Andretti,Italian-American racing driver,1.0
Mario Kart,Driver,http://www.wikidata.org/entity/Q188196,Q188196,Mario Kart,racing video game series,0.6
Mario Tadini,Driver,http://www.wikidata.org/entity/Q110611415,Q110611415,Mario Tadini,,0.6
Mark Blundell,Driver,http://www.wikidata.org/entity/Q171553,Q171553,Mark Blundell,British racing driver,1.0
Mark Donohue,Driver,http://www.wikidata.org/entity/Q58148295,Q58148295,Mark Donohue,British-Australian linguist,0.6
Mark Hughes,Driver,http://www.wikidata.org/entity/Q214513,Q214513,Mark Hughes,Welsh football manager (born 1963),0.6
Mark Temple,Driver,http://www.wikidata.org/entity/Q128496015,Q128496015,Mark Temple,British Formula One engineer,1.0
Mark Webber,Driver,http://www.wikidata.org/entity/Q82667,Q82667,Mark Webber,Australian professional racing driver,1.0
Marriott Bonvoy.[99],Driver,,,,,0.0
Martin Brundle,Driver,http://www.wikidata.org/entity/Q172854,Q172854,Martin Brundle,British racecar driver,0.6
Martin Vantage AMR GT3 Evo,Driver,,,,,0.0
Martin Whitmarsh,Driver,http://www.wikidata.org/entity/Q173376,Q173376,Martin Whitmarsh,English businessman,0.6
"Martin Whitmarsh,[110",Driver,,,,,0.0
Martin Whitmarsh.[310][311],Driver,,,,,0.0
Martina Navratilova,Driver,http://www.wikidata.org/entity/Q54545,Q54545,Martina Navratilova,Czech-American tennis player,0.6
Mary McGee,Driver,http://www.wikidata.org/entity/Q27677142,Q27677142,Mary McGee,American motorcycle racer (1936–2024),0.6
Masashi Yamamoto,Driver,http://www.wikidata.org/entity/Q66365074,Q66365074,Masashi Yamamoto,managing director of Honda F1,1.0
Matt Dickinson,Driver,http://www.wikidata.org/entity/Q6788558,Q6788558,Matt Dickinson,British filmmaker,0.6
Mattias Ekström,Driver,http://www.wikidata.org/entity/Q506045,Q506045,Mattias Ekström,Swedish racecar driver,0.6
Mauro Forghieri,Driver,http://www.wikidata.org/entity/Q173658,Q173658,Mauro Forghieri,Italian Formula One car designer,1.0
Max Emilian Verstappen,Driver,http://www.wikidata.org/entity/Q2239218,Q2239218,Max Verstappen,Dutch and Belgian racing driver,0.6
Max Mini Max,Driver,,,,,0.0
Max Verstappen,Driver,http://www.wikidata.org/entity/Q2239218,Q2239218,Max Verstappen,Dutch and Belgian racing driver,1.0
Max Verstappen ',Driver,,,,,0.0
Max Verstappen Joins Team Redline,Driver,,,,,0.0
Max Verstappen Max Verstappen,Driver,,,,,0.0
Max Verstappen Official Site,Driver,,,,,0.0
Max Verstappen Onboard,Driver,,,,,0.0
Max Verstappen Stole the Show,Driver,,,,,0.0
Max Verstappen Will,Driver,,,,,0.0
Max Verstappen Zooms Past Lewis Hamilton,Driver,,,,,0.0
Max Verstappen niet,Driver,,,,,0.0
Max Verstappen-Kimi Raikkonen,Driver,,,,,0.0
Max Verstappen.[198],Driver,,,,,0.0
Max al,Driver,,,,,0.0
McLaren,Driver,http://www.wikidata.org/entity/Q172030,Q172030,McLaren,British Formula One team,1.0
McLaren 1-2,Driver,,,,,0.0
McLaren Artura,Driver,http://www.wikidata.org/entity/Q102562479,Q102562479,McLaren Artura,Plug-in hybrid sports car,0.6
McLaren Automotive,Driver,http://www.wikidata.org/entity/Q1351854,Q1351854,McLaren Automotive,British automotive manufacturer,0.6
McLaren Cars,Driver,,,,,0.0
McLaren During,Driver,,,,,0.0
McLaren Electric Racing.[231] Extreme,Driver,,,,,0.0
McLaren F1,Driver,http://www.wikidata.org/entity/Q172030,Q172030,McLaren,British Formula One team,0.6
McLaren Formula,Driver,http://www.wikidata.org/entity/Q172030,Q172030,McLaren,British Formula One team,0.6
McLaren Formula 1,Driver,http://www.wikidata.org/entity/Q172030,Q172030,McLaren,British Formula One team,0.6
McLaren Formula 1 Car,Driver,,,,,0.0
McLaren Formula 1 Team,Driver,http://www.wikidata.org/entity/Q172030,Q172030,McLaren,British Formula One team,0.6
McLaren Formula E Team,Driver,http://www.wikidata.org/entity/Q113034048,Q113034048,McLaren Formula E Team,,0.6
McLaren Honda,Driver,http://www.wikidata.org/entity/Q172030,Q172030,McLaren,British Formula One team,0.6
McLaren Hypercar,Driver,,,,,0.0
McLaren Livery,Driver,,,,,0.0
McLaren M12,Driver,http://www.wikidata.org/entity/Q3853384,Q3853384,McLaren M12,racing car for the Can-Am series,0.6
McLaren M23,Driver,http://www.wikidata.org/entity/Q172468,Q172468,McLaren M23,racing automobile,0.6
McLaren MP4/4,Driver,http://www.wikidata.org/entity/Q172621,Q172621,McLaren MP4/4,racing automobile,0.6
McLaren MP4/x,Driver,,,,,0.0
McLaren Mastercard Formula 1 Team,Driver,,,,,0.0
McLaren McLaren Racing Limited,Driver,,,,,0.0
McLaren Mercedes,Driver,http://www.wikidata.org/entity/Q172030,Q172030,McLaren,British Formula One team,0.6
McLaren Racing,Driver,http://www.wikidata.org/entity/Q172030,Q172030,McLaren,British Formula One team,0.6
McLaren Racing - 2023,Driver,,,,,0.0
McLaren Racing - Gulf,Driver,,,,,0.0
McLaren Racing - McLaren,Driver,,,,,0.0
McLaren Racing - McLaren Racing,Driver,,,,,0.0
McLaren Racing - N,Driver,,,,,0.0
McLaren Racing Limited,Driver,http://www.wikidata.org/entity/Q172030,Q172030,McLaren,British Formula One team,0.6
McLaren Racing Unveil,Driver,,,,,0.0
McLaren United,Driver,,,,,0.0
McLaren.[39] Hulme,Driver,,,,,0.0
Michael Andretti,Driver,http://www.wikidata.org/entity/Q171519,Q171519,Michael Andretti,American racing driver,1.0
Michael Andretti Mika,Driver,,,,,0.0
Michael Gove,Driver,http://www.wikidata.org/entity/Q333937,Q333937,Michael Gove,British politician (born 1967),0.6
Michael Masi,Driver,http://www.wikidata.org/entity/Q107123924,Q107123924,Michael Masi,Australian motorsports official,0.6
Michael Schumacher,Driver,http://www.wikidata.org/entity/Q9671,Q9671,Michael Schumacher,German racing driver,1.0
Michael Schumacher F1,Driver,,,,,0.0
Michael Schumacher Nico Rosberg,Driver,,,,,0.0
"Michael Schumacher,[22",Driver,,,,,0.0
Michael Schumacher.[502][503] Orders,Driver,,,,,0.0
Michael Schumacher.[532] Notes,Driver,,,,,0.0
Mick Schumacher,Driver,http://www.wikidata.org/entity/Q18119599,Q18119599,Mick Schumacher,German race driver,0.6
Miguel Molina,Driver,http://www.wikidata.org/entity/Q1401610,Q1401610,Miguel Molina,Spanish racing driver,1.0
Mika Häkkinen,Driver,http://www.wikidata.org/entity/Q172842,Q172842,Mika Häkkinen,Finnish racing driver,1.0
Mike Coughlan,Driver,http://www.wikidata.org/entity/Q173550,Q173550,Mike Coughlan,British Formula One designer,1.0
Mike Elliott,Driver,http://www.wikidata.org/entity/Q6846686,Q6846686,Mike Elliott,American guitarist,0.6
Mike Hailwood,Driver,http://www.wikidata.org/entity/Q173147,Q173147,Mike Hailwood,British motorcycle racer and racing driver (1940–1981),1.0
Mike Hawthorn,Driver,http://www.wikidata.org/entity/Q2104,Q2104,Mike Hawthorn,British racing driver (1929–1959),1.0
Mike Seymour,Driver,http://www.wikidata.org/entity/Q83214377,Q83214377,Mike Seymour,American politician,0.6
Milton Keynes,Driver,http://www.wikidata.org/entity/Q204234,Q204234,Milton Keynes,"city in Buckinghamshire, England, United Kingdom",0.6
Mini Max,Driver,,,,,0.0
Mini Max class.[14,Driver,,,,,0.0
Mino Amorotti,Driver,,,,,0.0
Modelo Kelly Piquet,Driver,,,,,0.0
Mohammed Ben Sulayem,Driver,,,,,0.0
Monoposto Tipo B,Driver,,,,,0.0
Monte Carlo,Driver,http://www.wikidata.org/entity/Q550248,Q550248,Monte Carlo,2011 film by Thomas Bezucha,0.6
Monégasque Charles Leclerc,Driver,,,,,0.0
Moreno Jake Benham,Driver,,,,,0.0
Motor Sport,Driver,http://www.wikidata.org/entity/Q3866340,Q3866340,Motor Sport,magazine,0.6
Motor Sport Magazine,Driver,,,,,0.0
Motorcycle Mary,Driver,,,,,0.0
Motorsport Network,Driver,http://www.wikidata.org/entity/Q27150138,Q27150138,Motorsport Network,"international media and technology company headquartered in Miami, FL and London, UK",0.6
Murray Walker,Driver,http://www.wikidata.org/entity/Q443495,Q443495,Murray Walker,British motorsport commentator and journalist (1923–2021),0.6
Museo Francesco Baracca,Driver,,,,,0.0
Music Hamilton,Driver,,,,,0.0
My Story,Driver,http://www.wikidata.org/entity/Q12581576,Q12581576,My Story,1993 studio album by Lee Seung-hwan,0.6
Nanni Galli,Driver,http://www.wikidata.org/entity/Q173349,Q173349,Nanni Galli,Italian racing driver,1.0
Nederlandse WK-leider,Driver,,,,,0.0
Neil Houdly,Driver,,,,,0.0
Neil Houldey,Driver,http://www.wikidata.org/entity/Q117774065,Q117774065,Neil Houldey,British Formula One engineer,1.0
Nelson Piquet,Driver,http://www.wikidata.org/entity/Q171346,Q171346,Nelson Piquet,Brazilian racing driver (born 1952),1.0
Neue Zürcher Zeitung,Driver,http://www.wikidata.org/entity/Q658945,Q658945,Neue Zürcher Zeitung,Swiss German-language daily newspaper,0.6
Nicholas Latifi,Driver,http://www.wikidata.org/entity/Q8898994,Q8898994,Nicholas Latifi,Canadian racing driver (born 1995),1.0
Nick Heidfeld,Driver,http://www.wikidata.org/entity/Q75810,Q75810,Nick Heidfeld,German racing driver,1.0
Nicklas Nielsen,Driver,http://www.wikidata.org/entity/Q28465219,Q28465219,Nicklas Nielsen,Danish racing driver,1.0
Nico Hulkenberg,Driver,http://www.wikidata.org/entity/Q76547,Q76547,Nico Hülkenberg,Formula One racing driver,0.6
Nico Hülkenberg,Driver,http://www.wikidata.org/entity/Q76547,Q76547,Nico Hülkenberg,Formula One racing driver,1.0
Nico Rosberg,Driver,http://www.wikidata.org/entity/Q75820,Q75820,Nico Rosberg,German–Finnish former Formula 1 racing driver,1.0
Nico Rosberg Lewis Hamilton,Driver,,,,,0.0
Nicole Scherzinger,Driver,http://www.wikidata.org/entity/Q167696,Q167696,Nicole Scherzinger,American singer,0.6
Nigel Mansell,Driver,http://www.wikidata.org/entity/Q10501,Q10501,Nigel Mansell,British racing driver (born 1953),1.0
Niki Lauda,Driver,http://www.wikidata.org/entity/Q78489,Q78489,Niki Lauda,Austrian former Formula 1 driver (1949–2019),1.0
Nolan Siegel 7,Driver,,,,,0.0
Norbert Haug,Driver,http://www.wikidata.org/entity/Q60674,Q60674,Norbert Haug,German journalist and former motorsport manager of Mercedes-Benz,0.6
Noud Bemelen,Driver,,,,,0.0
Ola Källenius,Driver,http://www.wikidata.org/entity/Q19297571,Q19297571,Ola Källenius,Swedish manager,0.6
Oliver Bearman,Driver,http://www.wikidata.org/entity/Q107023292,Q107023292,Oliver Bearman,British racing driver (born 2005),1.0
Olivier Gendebien,Driver,http://www.wikidata.org/entity/Q172142,Q172142,Olivier Gendebien,Belgian racecar driver (1924-1998),0.6
Onboard Pole Lap,Driver,,,,,0.0
Opmeer Dani,Driver,,,,,0.0
Opmeer Dani Moreno,Driver,,,,,0.0
Opmeer Jake Benham,Driver,,,,,0.0
Oscar Piastri,Driver,http://www.wikidata.org/entity/Q28741262,Q28741262,Oscar Piastri,Australian racing driver,1.0
Paddy Lowe,Driver,http://www.wikidata.org/entity/Q394925,Q394925,Paddy Lowe,British Formula One engineer,1.0
Pascal Wehrlein,Driver,http://www.wikidata.org/entity/Q85762,Q85762,Pascal Wehrlein,German racing driver,1.0
Patricio O'Ward Ryō Hirakawa,Driver,,,,,0.0
Patrick Tambay,Driver,http://www.wikidata.org/entity/Q173020,Q173020,Patrick Tambay,French racecar driver,0.6
Paul Aron,Driver,http://www.wikidata.org/entity/Q93973312,Q93973312,Paul Aron,Estonian racing driver (born 2004),1.0
Paul Weaver,Driver,http://www.wikidata.org/entity/Q112319844,Q112319844,Paul Weaver,,0.6
Pedro de la Rosa,Driver,http://www.wikidata.org/entity/Q82924,Q82924,Pedro de la Rosa,Spanish racing driver,1.0
Pedro de la Rosa Alexander Wurz,Driver,,,,,0.0
Pernod Ricard,Driver,http://www.wikidata.org/entity/Q837049,Q837049,Pernod Ricard,French company that produces distilled beverages,0.6
Peter Gethin,Driver,http://www.wikidata.org/entity/Q171511,Q171511,Peter Gethin,British racing driver (1940-2011),1.0
Peter Gethin Dan Gurney Andrea de Adamich Nanni Galli,Driver,,,,,0.0
Peter Gethin Jackie Oliver,Driver,,,,,0.0
Peter Prodomou,Driver,,,,,0.0
Peter Prodromou,Driver,http://www.wikidata.org/entity/Q3280576,Q3280576,Peter Prodromou,Greek-Cypriot Formula One designer,1.0
Peter Revson,Driver,http://www.wikidata.org/entity/Q171535,Q171535,Peter Revson,American racecar driver,0.6
Peter Revson Jody Scheckter,Driver,,,,,0.0
Peter Schetty,Driver,http://www.wikidata.org/entity/Q119828,Q119828,Peter Schetty,Swiss racecar driver,0.6
Peter Whitehead,Driver,http://www.wikidata.org/entity/Q173049,Q173049,Peter Whitehead,English racing driver (1914-1958),1.0
Peter Windsor,Driver,http://www.wikidata.org/entity/Q42638446,Q42638446,Peter Windsor,researcher,0.6
Petronas Formula,Driver,,,,,0.0
Petronas Global,Driver,,,,,0.0
Peugeot Sport,Driver,http://www.wikidata.org/entity/Q2055791,Q2055791,Peugeot Sport,auto racing factory team by Peugeot,0.6
Pex Racing,Driver,,,,,0.0
Phil Hanson,Driver,http://www.wikidata.org/entity/Q55629847,Q55629847,Philip Hanson,British racing driver (born 1999),0.6
Phil Hill,Driver,http://www.wikidata.org/entity/Q20070468,Q20070468,Phil Hill,,0.6
Phillip Morris,Driver,http://www.wikidata.org/entity/Q42292357,Q42292357,Phillip Morris,researcher,0.6
Pier Guidi,Driver,http://www.wikidata.org/entity/Q505538,Q505538,Alessandro Pier Guidi,Italian racing driver,0.6
Pierre Gasly,Driver,http://www.wikidata.org/entity/Q11816647,Q11816647,Pierre Gasly,French racing driver,1.0
Pierre Levegh,Driver,http://www.wikidata.org/entity/Q171742,Q171742,Pierre Levegh,French racing driver (1905-1955),1.0
Presse Stuttgart,Driver,,,,,0.0
Proud Alonso,Driver,,,,,0.0
Pérez 16th.[131,Driver,,,,,0.0
Pérez finished.[154],Driver,,,,,0.0
Qualifying Highlights,Driver,,,,,0.0
Quick Guide,Driver,,,,,0.0
Race Fans,Driver,,,,,0.0
Race Highlights,Driver,,,,,0.0
Racing Sport Cars,Driver,,,,,0.0
Rainer W.,Driver,,,,,0.0
Raymond Sommer,Driver,http://www.wikidata.org/entity/Q108906167,Q108906167,Raymond Sommer,Formula One team,1.0
Read Motorsport,Driver,,,,,0.0
Reg Parnell,Driver,http://www.wikidata.org/entity/Q7307836,Q7307836,Reg Parnell Racing,1959-1969 Formula One team,0.8
Rene Berger,Driver,,,,,0.0
Residence Hamilton,Driver,,,,,0.0
Retaining Norris,Driver,,,,,0.0
Richard Mille,Driver,http://www.wikidata.org/entity/Q56308714,Q56308714,Richard Mille,industrialist,0.6
Richard S.,Driver,,,,,0.0
Richard Williams,Driver,http://www.wikidata.org/entity/Q1999598,Q1999598,Richard Williams,Canadian-British animator (1933–2019),0.6
Richie Ginther,Driver,http://www.wikidata.org/entity/Q171460,Q171460,Richie Ginther,American racing driver (1930-1989),1.0
Risi Competizione,Driver,http://www.wikidata.org/entity/Q2497959,Q2497959,Risi Competizione,American auto racing team formed by Giuseppe Risi,0.6
Rob Burrow,Driver,http://www.wikidata.org/entity/Q3434158,Q3434158,Rob Burrow,English rugby league footballer (1982–2024),0.6
Rob Marshall,Driver,http://www.wikidata.org/entity/Q353501,Q353501,Rob Marshall,American film and theatre director and producer,0.6
Robert Kubica,Driver,http://www.wikidata.org/entity/Q160359,Q160359,Robert Kubica,Polish racing and rally driver (born 1984),0.6
Roberto Nosetto,Driver,,,,,0.0
Robin Herd,Driver,http://www.wikidata.org/entity/Q173850,Q173850,Robin Herd,British businessman (1939-2019),0.6
Rode Duivel,Driver,http://www.wikidata.org/entity/Q28091423,Q28091423,Rode duivel,painting by K.A. Schmidt,0.6
Roger Penske,Driver,http://www.wikidata.org/entity/Q172155,Q172155,Roger Penske,American racecar driver,0.6
Romain Grosjean,Driver,http://www.wikidata.org/entity/Q82742,Q82742,Romain Grosjean,French and Swiss racing driver,1.0
Romolo Tavoni,Driver,http://www.wikidata.org/entity/Q1701423,Q1701423,Romolo Tavoni,Italian sports executive (1926-2020),0.6
Ron Dennis,Driver,http://www.wikidata.org/entity/Q173208,Q173208,Ron Dennis,British businessman,0.6
Ron Dennis',Driver,,,,,0.0
Ronnie Peterson,Driver,http://www.wikidata.org/entity/Q173280,Q173280,Ronnie Peterson,Swedish racing driver (1944-1978),1.0
Rookie Piastri,Driver,,,,,0.0
Rosberg's.[207] Buxton,Driver,,,,,0.0
Ross Brawn,Driver,http://www.wikidata.org/entity/Q173140,Q173140,Ross Brawn,British automotive engineer,0.6
Ross Brawn.[21,Driver,,,,,0.0
Rubens Barrichello,Driver,http://www.wikidata.org/entity/Q169846,Q169846,Rubens Barrichello,Brazilian racing driver,1.0
Rudolf Caracciola,Driver,http://www.wikidata.org/entity/Q57365,Q57365,Rudolf Caracciola,German/Swiss racing and motorcycle driver (1901–1959),0.6
Sacha Fenestraz,Driver,http://www.wikidata.org/entity/Q24940344,Q24940344,Sacha Fenestraz,French-Argentine racing driver,1.0
Sainte Devote,Driver,,,,,0.0
Sainz Jr.,Driver,,,,,0.0
Sakhir,Driver,http://www.wikidata.org/entity/Q98754976,Q98754976,2020 Sakhir Grand Prix,Formula One motor race,0.6
Sam Bird,Driver,http://www.wikidata.org/entity/Q153242,Q153242,Sam Bird,racing driver for Virgin Racing in Formula E and AF Corse in the World Endurance Championship,1.0
Samuel L. Jackson,Driver,http://www.wikidata.org/entity/Q172678,Q172678,Samuel L. Jackson,American actor (born 1948),0.6
Sara Moonves,Driver,http://www.wikidata.org/entity/Q88616674,Q88616674,Sara Moonves,American magazine editor (born 1985),0.6
Save the Children,Driver,http://www.wikidata.org/entity/Q215934,Q215934,Save the Children,London-based international non-profit organization,0.6
Schmidt Peterson Motorsports,Driver,,,,,0.0
Scott Mitchell,Driver,http://www.wikidata.org/entity/Q8992456,Q8992456,Scott Mitchell,English association football player (born 1985),0.6
Scuderia Ferrari,Driver,http://www.wikidata.org/entity/Q169898,Q169898,Scuderia Ferrari,Formula One team,1.0
Scuderia Toro Rosso,Driver,http://www.wikidata.org/entity/Q61657577,Q61657577,Scuderia Toro Rosso STR14,Formula One car,0.8
Sebastian Vettel,Driver,http://www.wikidata.org/entity/Q42311,Q42311,Sebastian Vettel,German racing driver,1.0
Sebastian Vettel Hamilton,Driver,,,,,0.0
Sergio Perez,Driver,http://www.wikidata.org/entity/Q82805,Q82805,Sergio Pérez,Mexican racing driver (1990-),0.6
Sergio Pérez,Driver,http://www.wikidata.org/entity/Q82805,Q82805,Sergio Pérez,Mexican racing driver (1990-),1.0
Sifan Hassan,Driver,http://www.wikidata.org/entity/Q14855644,Q14855644,Sifan Hassan,Ethiopian-born Dutch middle- and long-distance runner,0.6
Simon Pagenaud,Driver,http://www.wikidata.org/entity/Q983621,Q983621,Simon Pagenaud,French racecar driver,0.6
Sophie Kumpen,Driver,http://www.wikidata.org/entity/Q17986878,Q17986878,Sophie Kumpen,Belgian racing driver,1.0
Spark Odyssey,Driver,,,,,0.0
Sportman van,Driver,,,,,0.0
Sprint Qualifying,Driver,,,,,0.0
Sprint Shootout',Driver,,,,,0.0
Stats F1,Driver,http://www.wikidata.org/entity/Q115688838,Q115688838,Statsf1.com,Formula One website,0.6
Stefan Johansson,Driver,http://www.wikidata.org/entity/Q171474,Q171474,Stefan Johansson,Swedish racing driver,1.0
Stefano Domenicali,Driver,http://www.wikidata.org/entity/Q173168,Q173168,Stefano Domenicali,"Italian manager, current CEO of Formula One Group, former CEO of Lamborghini",1.0
Steffi Graf,Driver,http://www.wikidata.org/entity/Q11662,Q11662,Steffi Graf,German tennis player,0.6
Steijn Schothorst,Driver,http://www.wikidata.org/entity/Q1906430,Q1906430,Steijn Schothorst,Dutch racing driver,1.0
Stephen South,Driver,http://www.wikidata.org/entity/Q657158,Q657158,Stephen South,British racing driver,1.0
Steve Matchett,Driver,http://www.wikidata.org/entity/Q7613294,Q7613294,Steve Matchett,"British former motor racing mechanic, author, columnist and television commentator",0.6
Steve Nichols,Driver,http://www.wikidata.org/entity/Q173539,Q173539,Steve Nichols,American engineer,0.6
Stirling Moss,Driver,http://www.wikidata.org/entity/Q172728,Q172728,Stirling Moss,British motor racing driver (1929-2020),1.0
Stoffel Vandoorne,Driver,http://www.wikidata.org/entity/Q1344577,Q1344577,Stoffel Vandoorne,Belgian racing driver,1.0
Stoffel Vandoorne Fernando Alonso,Driver,,,,,0.0
Super Max',Driver,,,,,0.0
São Paulo,Driver,http://www.wikidata.org/entity/Q175,Q175,São Paulo,state in the Southeast Region of Brazil,0.6
São Paulo ePrix,Driver,http://www.wikidata.org/entity/Q113128749,Q113128749,São Paulo ePrix,Brazilian ePrix,0.6
Takashi Murakami,Driver,http://www.wikidata.org/entity/Q352437,Q352437,Takashi Murakami,"Japanese contemporary artist, film director (born in 1962)",0.6
Tamara Molinaro,Driver,http://www.wikidata.org/entity/Q111017863,Q111017863,Tamara Molinaro,Italian rally driver,0.6
Taylor Barnard,Driver,http://www.wikidata.org/entity/Q114413758,Q114413758,Taylor Barnard,British racing driver (born 2004),1.0
Taylor Kiel,Driver,,,,,0.0
Team Penske,Driver,http://www.wikidata.org/entity/Q174144,Q174144,Team Penske,American professional racing team,0.6
Team Redline,Driver,,,,,0.0
Team X44,Driver,http://www.wikidata.org/entity/Q115805780,Q115805780,Team X44,extreme E racing team,0.6
Teammate Ricciardo,Driver,,,,,0.0
Teddy Mayer,Driver,http://www.wikidata.org/entity/Q173547,Q173547,Teddy Mayer,American businessman,0.6
The Bruce McLaren Movie,Driver,,,,,0.0
The Marshall Pruett Podcast,Driver,,,,,0.0
Thierry Vermeulen,Driver,http://www.wikidata.org/entity/Q117210352,Q117210352,Thierry Vermeulen,Dutch racing driver (born 2002),1.0
Thomas Maher,Driver,http://www.wikidata.org/entity/Q76233543,Q76233543,Thomas Maher,Peerage person ID=624537,0.6
Times Newspapers,Driver,,,,,0.0
Timmy Mayer,Driver,http://www.wikidata.org/entity/Q172268,Q172268,Timmy Mayer,American racing driver,1.0
Timo Glock,Driver,http://www.wikidata.org/entity/Q76719,Q76719,Timo Glock,German racing driver,1.0
Tom Cruise,Driver,http://www.wikidata.org/entity/Q37079,Q37079,Tom Cruise,American actor and producer (born 1962),0.6
Tom Ilube,Driver,http://www.wikidata.org/entity/Q27804582,Q27804582,Tom Ilube,British entrepreneur,0.6
Tommy Hilfiger,Driver,http://www.wikidata.org/entity/Q125145313,Q125145313,Tommy Hilfiger,fashion label owned by Tommy Hilfiger B.V.,0.6
Toni Vilander,Driver,http://www.wikidata.org/entity/Q931316,Q931316,Toni Vilander,Finnish racing driver,1.0
Top Gear,Driver,http://www.wikidata.org/entity/Q33162,Q33162,Top Gear,"British automotive television show, 2002-2022",0.6
Toro Rosso,Driver,http://www.wikidata.org/entity/Q15651503,Q15651503,Toro Rosso STR9,formula One racing car,0.8
Toto Wolff,Driver,http://www.wikidata.org/entity/Q90005,Q90005,Toto Wolff,Austrian race car driver and investor,0.6
Tutto McLaren,Driver,,,,,0.0
Tyre Press,Driver,,,,,0.0
Tyrrell Racing,Driver,http://www.wikidata.org/entity/Q171992,Q171992,Tyrrell Racing,motor racing team,0.6
Valterri Bottas,Driver,http://www.wikidata.org/entity/Q138745,Q138745,Valtteri Bottas,Finnish Formula 1 racing driver,0.6
Valtteri Bottas,Driver,http://www.wikidata.org/entity/Q138745,Q138745,Valtteri Bottas,Finnish Formula 1 racing driver,1.0
Valtteri Bottas.[157] Verstappen,Driver,,,,,0.0
Van Amersfoort,Driver,,,,,0.0
Variante Tamburello,Driver,,,,,0.0
Vauxhall Cavalier,Driver,http://www.wikidata.org/entity/Q1472285,Q1472285,Vauxhall Cavalier,line of car models by Vauxhall,0.6
Velo Brands,Driver,,,,,0.0
Verstappen Bahrain,Driver,,,,,0.0
Verstappen Crash,Driver,,,,,0.0
Verstappen Info Page,Driver,,,,,0.0
Verstappen Max,Driver,,,,,0.0
Verstappen Racing,Driver,,,,,0.0
Verstappen Racing Mercedes-AMG Powers,Driver,,,,,0.0
Verstappen Regulation,Driver,,,,,0.0
Verstappen Sim Racing,Driver,http://www.wikidata.org/entity/Q134543288,Q134543288,Verstappen Sim Racing,Dutch esports organisation,0.6
Verstappen fourth,Driver,,,,,0.0
Verstappen second.[305] After,Driver,,,,,0.0
Victoria Jane Verstappen,Driver,,,,,0.0
Virgin Books,Driver,http://www.wikidata.org/entity/Q3138589,Q3138589,Virgin Books,British book publisher,0.6
Virgin Media,Driver,http://www.wikidata.org/entity/Q1199764,Q1199764,Virgin Media,British cable and telecommunications company,0.6
Visa Cash App RB Formula,Driver,http://www.wikidata.org/entity/Q124350606,Q124350606,Racing Bulls,Formula One team and constructor,0.6
Visa Cash App RB.,Driver,,,,,0.0
Vitaly Petrov,Driver,http://www.wikidata.org/entity/Q82901,Q82901,Vitaly Petrov,Russian racing driver,1.0
Vitantonio Liuzzi,Driver,http://www.wikidata.org/entity/Q171294,Q171294,Vitantonio Liuzzi,Italian racing driver,1.0
Vodafone McLaren,Driver,http://www.wikidata.org/entity/Q172030,Q172030,McLaren,British Formula One team,0.6
Vogue Business,Driver,,,,,0.0
WGSBN Bulletin,Driver,http://www.wikidata.org/entity/Q126120280,Q126120280,WGSBN Bulletin,,0.6
West McLaren,Driver,http://www.wikidata.org/entity/Q172030,Q172030,McLaren,British Formula One team,0.6
Will Buxton,Driver,http://www.wikidata.org/entity/Q64759135,Q64759135,Will Buxton,British journalist and Formula One digital presenter,1.0
Will Contest NLS2,Driver,,,,,0.0
William Esler,Driver,,,,,0.0
Williams F1,Driver,http://www.wikidata.org/entity/Q171337,Q171337,Williams Racing,British Formula One team and constructor,0.6
Williams Mercedes,Driver,,,,,0.0
Williams Racing,Driver,http://www.wikidata.org/entity/Q171337,Q171337,Williams Racing,British Formula One team and constructor,1.0
Willy T. Ribbs.[522] References,Driver,,,,,0.0
Wilson Hughes,Driver,,,,,0.0
Wilson Hughes Lucas,Driver,,,,,0.0
Winnie Harlow,Driver,http://www.wikidata.org/entity/Q19791141,Q19791141,Winnie Harlow,Jamaican-Canadian fashion model,0.6
Winward Racing,Driver,http://www.wikidata.org/entity/Q16040490,Q16040490,Winward Racing,German auto racing team,0.6
Wolfgang von Trips,Driver,http://www.wikidata.org/entity/Q57451,Q57451,Wolfgang von Trips,German racing driver (1928-1961),1.0
Yardley London,Driver,,,,,0.0
Yifei Ye,Driver,http://www.wikidata.org/entity/Q99571059,Q99571059,Yifei Ye,researcher,0.6
Yuanpu Cui,Driver,,,,,0.0
Yuki Tsunoda,Driver,http://www.wikidata.org/entity/Q59209579,Q59209579,Yuki Tsunoda,Japanese racing driver,1.0
Zak Brown,Driver,http://www.wikidata.org/entity/Q8064960,Q8064960,Zak Brown,American businessman and racing driver,1.0
Zhou Guanyu,Driver,http://www.wikidata.org/entity/Q17327107,Q17327107,Zhou Guanyu,Chinese racing driver,1.0
Éric Boullier,Driver,http://www.wikidata.org/entity/Q172767,Q172767,Éric Boullier,French motor racing engineer and manager,0.6
ART Grand Prix,GrandPrix,http://www.wikidata.org/entity/Q296934,Q296934,ART Grand Prix,French motor racing team,0.6
Abu Dhabi Grand Prix,GrandPrix,http://www.wikidata.org/entity/Q7849,Q7849,Abu Dhabi Grand Prix,Formula One motor race,1.0
Abu Dhabi Grand Prix 2019,GrandPrix,,,,,0.0
Abu Dhabi Grand Prix Vuse,GrandPrix,,,,,0.0
Article 32.4c The Grand Prix,GrandPrix,,,,,0.0
Australian Grand Prix,GrandPrix,http://www.wikidata.org/entity/Q60853029,Q60853029,2019 Australian Grand Prix,Formula One race,0.6
Australian Grand Prix – Information,GrandPrix,,,,,0.0
Australian Grand Prix.[43,GrandPrix,,,,,0.0
Austrian Grand Prix,GrandPrix,http://www.wikidata.org/entity/Q7876,Q7876,Austrian Grand Prix,Formula 1 Grand Prix,1.0
Austrian Grand Prix Entry,GrandPrix,,,,,0.0
Austrian Grand Prix F1 Sprint,GrandPrix,,,,,0.0
"Austrian Grand Prix,[148",GrandPrix,,,,,0.0
Austrian Grand Prix: Race Highlights,GrandPrix,,,,,0.0
Azerbaijan Grand Prix,GrandPrix,http://www.wikidata.org/entity/Q27940843,Q27940843,Azerbaijan Grand Prix,Formula One race,1.0
Azerbaijan Grand Prix – Entry List,GrandPrix,,,,,0.0
Azerbaijan Grand Prix – Entry List (Corrected,GrandPrix,,,,,0.0
Bahrain Grand Prix,GrandPrix,http://www.wikidata.org/entity/Q7885,Q7885,Bahrain Grand Prix,Formula 1 Grand Prix,1.0
Bahrain Grand Prix: Lewis Hamilton,GrandPrix,,,,,0.0
Barcelona-Catalunya Grand Prix,GrandPrix,http://www.wikidata.org/entity/Q134915019,Q134915019,Barcelona-Catalunya Grand Prix,Formula One Grand Prix,1.0
Belgian Grand Prix,GrandPrix,http://www.wikidata.org/entity/Q29060347,Q29060347,2017 Belgian Grand Prix,12th round of the 2017 Formula One season,0.6
Belgian Grand Prix 2020,GrandPrix,http://www.wikidata.org/entity/Q67123917,Q67123917,2020 Belgian Grand Prix,Formula One motor race,0.6
Brazilian Grand Prix,GrandPrix,http://www.wikidata.org/entity/Q7961,Q7961,Brazilian Grand Prix,auto race held in Brazil,0.6
Brazilian Grand Prix: Race Highlights,GrandPrix,,,,,0.0
British Grand Prix,GrandPrix,http://www.wikidata.org/entity/Q111333135,Q111333135,2022 British Grand Prix,Formula One motor race,0.6
British Grand Prix 2019,GrandPrix,,,,,0.0
"British Grand Prix victory,[160][161",GrandPrix,,,,,0.0
Caesars Palace Grand Prix,GrandPrix,http://www.wikidata.org/entity/Q8039,Q8039,Caesars Palace Grand Prix,Formula 1 Grand Prix,1.0
Canadian Grand Prix,GrandPrix,http://www.wikidata.org/entity/Q7965,Q7965,Canadian Grand Prix,Formula 1 Grand Prix,1.0
Chinese Grand Prix,GrandPrix,http://www.wikidata.org/entity/Q7980,Q7980,Chinese Grand Prix,Formula One auto race held in China,1.0
Chinese Grand Prix 2026,GrandPrix,,,,,0.0
Chinese Grand Prix: Race Highlights,GrandPrix,,,,,0.0
Chinese Grand Prix: Ricciardo,GrandPrix,,,,,0.0
Complete Macau Grand Prix,GrandPrix,,,,,0.0
Dutch Grand Prix,GrandPrix,http://www.wikidata.org/entity/Q9109,Q9109,Dutch Grand Prix,Formula 1 Grand Prix,1.0
Eifel Grand Prix,GrandPrix,http://www.wikidata.org/entity/Q97651788,Q97651788,2020 Eifel Grand Prix,formula 1 race in Germany,0.6
Eifel Grand Prix 2020,GrandPrix,http://www.wikidata.org/entity/Q97651788,Q97651788,2020 Eifel Grand Prix,formula 1 race in Germany,0.6
Emilia Romagna Grand Prix,GrandPrix,http://www.wikidata.org/entity/Q100953125,Q100953125,Emilia Romagna Grand Prix,Formula One Grand Prix,1.0
Emilia-Romagna Grand Prix,GrandPrix,http://www.wikidata.org/entity/Q100953125,Q100953125,Emilia Romagna Grand Prix,Formula One Grand Prix,0.6
European Grand Prix,GrandPrix,http://www.wikidata.org/entity/Q7994,Q7994,European Grand Prix,Formula 1 Grand Prix,1.0
F1 Australian Grand Prix,GrandPrix,,,,,0.0
F1 Bahrain Grand Prix,GrandPrix,,,,,0.0
F1 Bahrain Grand Prix: Max Verstappen,GrandPrix,,,,,0.0
F1 British Grand Prix,GrandPrix,,,,,0.0
F1 Canadian Grand Prix,GrandPrix,,,,,0.0
F1 Grand Prix,GrandPrix,http://www.wikidata.org/entity/Q1120846,Q1120846,F1 Grand Prix,2005 racing video game,0.6
F1 Japanese Grand Prix,GrandPrix,,,,,0.0
F1 Turkish Grand Prix Drive,GrandPrix,,,,,0.0
Formula 1 Grand Prix de Monaco,GrandPrix,http://www.wikidata.org/entity/Q48311119,Q48311119,2018 Monaco Grand Prix,6th round of the 2018 Formula One season,0.6
Formula 1 Grand Prix de Monaco 2024,GrandPrix,,,,,0.0
Formula 1 Hungarian Grand Prix 2024,GrandPrix,,,,,0.0
Formula 1 Qatar Airways Austrian Grand Prix 2024,GrandPrix,,,,,0.0
Formula 1 Rolex Belgian Grand Prix 2024,GrandPrix,,,,,0.0
Formula 3 Grand Prix – Circuto de Guia,GrandPrix,,,,,0.0
Formula 3 Macau Grand Prix – 2014,GrandPrix,,,,,0.0
French Grand Prix,GrandPrix,http://www.wikidata.org/entity/Q7997,Q7997,French Grand Prix,auto race held in France,0.6
French Grand Prix 2019,GrandPrix,,,,,0.0
German Grand Prix,GrandPrix,http://www.wikidata.org/entity/Q7998,Q7998,German Grand Prix,Formula 1 Grand Prix,1.0
German Grand Prix: Race Highlights,GrandPrix,,,,,0.0
Grand Prix,GrandPrix,http://www.wikidata.org/entity/Q10290923,Q10290923,Grand Prix,1982 video game,0.6
Grand Prix Motor,GrandPrix,http://www.wikidata.org/entity/Q109678900,Q109678900,Grand Prix motorcycle rider,participant in Grand Prix motorcycle racing,0.8
Grand Prix).[16,GrandPrix,,,,,0.0
Grand Prix.[15][7][16][8,GrandPrix,,,,,0.0
Grand Prix.[366,GrandPrix,,,,,0.0
Hungarian Grand Prix,GrandPrix,http://www.wikidata.org/entity/Q9233,Q9233,Hungarian Grand Prix,Formula 1 Grand Prix,1.0
Hungarian Grand Prix 2015,GrandPrix,,,,,0.0
Hungarian Grand Prix 2023,GrandPrix,,,,,0.0
India Grand Prix,GrandPrix,,,,,0.0
Italian Grand Prix,GrandPrix,http://www.wikidata.org/entity/Q23045185,Q23045185,2016 Italian Grand Prix,Formula One motor race held in 2016,0.6
Japanese Grand Prix,GrandPrix,http://www.wikidata.org/entity/Q8000,Q8000,Japanese Grand Prix,Formula 1 auto race held in Japan,1.0
Japanese Grand Prix 2014,GrandPrix,,,,,0.0
Jordan Grand Prix,GrandPrix,http://www.wikidata.org/entity/Q171367,Q171367,Jordan Grand Prix,Irish auto racing team,0.6
Kimberley Grand Prix Data,GrandPrix,,,,,0.0
Las Vegas Grand Prix,GrandPrix,http://www.wikidata.org/entity/Q111443584,Q111443584,Las Vegas Grand Prix,Formula 1 Grand Prix,1.0
Malaysian Grand Prix,GrandPrix,http://www.wikidata.org/entity/Q8082,Q8082,Malaysian Grand Prix,Formula 1 Grand Prix,1.0
Mercedes Grand Prix,GrandPrix,http://www.wikidata.org/entity/Q3855051,Q3855051,Mercedes Grand Prix,Wikimedia disambiguation page,0.6
Mercedes-Benz Grand Prix,GrandPrix,,,,,0.0
Mercedes-Benz Grand Prix Limited,GrandPrix,,,,,0.0
Mercedes-Benz Grand Prix Ltd,GrandPrix,,,,,0.0
Mexican Grand Prix,GrandPrix,http://www.wikidata.org/entity/Q8109,Q8109,Mexican Grand Prix,Formula 1 Grand Prix,1.0
Mexican Grand Prix 2018,GrandPrix,,,,,0.0
Mexican Grand Prix 2019,GrandPrix,,,,,0.0
Mexican Grand Prix: Qualifying Highlights,GrandPrix,,,,,0.0
Mexican Grand Prix: Race Highlights,GrandPrix,,,,,0.0
Mexico City Grand Prix,GrandPrix,http://www.wikidata.org/entity/Q106856346,Q106856346,Mexico City Grand Prix,Formula One motor racing event,1.0
Miami Grand Prix,GrandPrix,http://www.wikidata.org/entity/Q106545547,Q106545547,Miami Grand Prix,Formula One Grand Prix,1.0
Miami Grand Prix onwards.[58][59] Other,GrandPrix,,,,,0.0
Miami Grand Prix – Entry List,GrandPrix,,,,,0.0
Monaco Grand Prix,GrandPrix,http://www.wikidata.org/entity/Q9102,Q9102,Monaco Grand Prix,Formula One motor racing event,1.0
Monaco Grand Prix - Qualifying Report,GrandPrix,,,,,0.0
Monaco Grand Prix Post-Race Press Conference Transcript,GrandPrix,,,,,0.0
Monaco Grand Prix Race 8,GrandPrix,,,,,0.0
Monaco Grand Prix – Entry List,GrandPrix,,,,,0.0
Monaco Grand Prix:,GrandPrix,,,,,0.0
Monaco Grand Prix: Max Verstappen,GrandPrix,,,,,0.0
Monaco Grand Prix: Qualifying Recap,GrandPrix,,,,,0.0
Portuguese Grand Prix,GrandPrix,http://www.wikidata.org/entity/Q9117,Q9117,Portuguese Grand Prix,Formula 1 Grand Prix,1.0
Portuguese Grand Prix: Race Highlights,GrandPrix,,,,,0.0
Qatar Grand Prix,GrandPrix,http://www.wikidata.org/entity/Q108750321,Q108750321,Qatar Grand Prix,Formula One race held in Qatar,1.0
Qatar Grand Prix Facts and Stats,GrandPrix,,,,,0.0
Qatar Grand Prix Preview,GrandPrix,,,,,0.0
Russian Grand Prix,GrandPrix,http://www.wikidata.org/entity/Q173271,Q173271,Russian Grand Prix,Formula One motor race,1.0
Russian Grand Prix 2020,GrandPrix,,,,,0.0
San Marino Grand Prix,GrandPrix,http://www.wikidata.org/entity/Q9122,Q9122,San Marino Grand Prix,Formula 1 Grand Prix held near San Marino in Italy,1.0
Sao Paulo Grand Prix,GrandPrix,,,,,0.0
Saudi Arabian Grand Prix,GrandPrix,http://www.wikidata.org/entity/Q101206065,Q101206065,Saudi Arabian Grand Prix,Formula One Grand Prix,1.0
Singapore Grand Prix,GrandPrix,http://www.wikidata.org/entity/Q9137,Q9137,Singapore Grand Prix,Formula 1 Grand Prix,1.0
Singapore Grand Prix 2019,GrandPrix,,,,,0.0
South African Grand Prix,GrandPrix,http://www.wikidata.org/entity/Q9227,Q9227,South African Grand Prix,Formula 1 Grand Prix,1.0
Spa Francorchamps Grand Prix,GrandPrix,,,,,0.0
Spanish Grand Prix,GrandPrix,http://www.wikidata.org/entity/Q9208,Q9208,Spanish Grand Prix,Formula 1 Grand Prix,1.0
Spanish Grand Prix 2020,GrandPrix,,,,,0.0
Spanish Grand Prix – Entry List,GrandPrix,,,,,0.0
Spanish Grand Prix – Entry List (Corrected,GrandPrix,,,,,0.0
Spanish Grand Prix – P1 Classification,GrandPrix,,,,,0.0
Spanish Grand Prix: Race Highlights,GrandPrix,,,,,0.0
The Austrian Grand Prix,GrandPrix,,,,,0.0
The Azerbaijan Grand Prix,GrandPrix,,,,,0.0
The Chinese Grand Prix,GrandPrix,,,,,0.0
The Emilia Romagna Grand Prix,GrandPrix,,,,,0.0
The French Grand Prix,GrandPrix,,,,,0.0
The Grand Prix,GrandPrix,http://www.wikidata.org/entity/Q66011042,Q66011042,The Grand Prix,episode of Lego Friends: Girls on a Mission (S1 E16),0.6
The Grand Prix Cars,GrandPrix,,,,,0.0
The Hungarian Grand Prix,GrandPrix,,,,,0.0
The Italian Grand Prix at Monza,GrandPrix,,,,,0.0
The Miami Grand Prix,GrandPrix,,,,,0.0
The São Paulo Grand Prix,GrandPrix,,,,,0.0
The United States Grand Prix,GrandPrix,,,,,0.0
Turkish Grand Prix,GrandPrix,http://www.wikidata.org/entity/Q9229,Q9229,Turkish Grand Prix,"formula One race in Istanbul, Turkey",1.0
Tuscan Grand Prix,GrandPrix,http://www.wikidata.org/entity/Q97120595,Q97120595,Tuscan Grand Prix,,0.6
Tuscan Grand Prix: Race Highlights,GrandPrix,,,,,0.0
US Grand Prix,GrandPrix,,,,,0.0
United States Grand Prix,GrandPrix,http://www.wikidata.org/entity/Q9209,Q9209,United States Grand Prix,Formula 1 Grand Prix,1.0
United States Grand Prix West,GrandPrix,http://www.wikidata.org/entity/Q9220,Q9220,United States Grand Prix West,Formula 1 Grand Prix,1.0
Alpine,Team,http://www.wikidata.org/entity/Q98930155,Q98930155,Alpine F1 Team,French Formula One racing team,1.0
Aston Martin,Team,http://www.wikidata.org/entity/Q104620704,Q104620704,Aston Martin F1 Team,Formula One racing team,0.8
Audi,Team,http://www.wikidata.org/entity/Q120756696,Q120756696,Audi F1 Team,Formula One team,1.0
Cadillac,Team,http://www.wikidata.org/entity/Q131323328,Q131323328,Cadillac Formula 1 Team,Formula One team and constructor,0.6
Ferrari,Team,http://www.wikidata.org/entity/Q169898,Q169898,Scuderia Ferrari,Formula One team,1.0
Haas F1 Team,Team,http://www.wikidata.org/entity/Q16300222,Q16300222,Haas F1 Team,Formula 1 team,1.0
McLaren,Team,http://www.wikidata.org/entity/Q172030,Q172030,McLaren,British Formula One team,1.0
Mercedes,Team,http://www.wikidata.org/entity/Q172721,Q172721,Mercedes F1 Team,auto racing team,1.0
Red Bull Racing,Team,http://www.wikidata.org/entity/Q173663,Q173663,Red Bull Racing,"Formula One racing team based in Milton Keynes, England",1.0
Williams,Team,http://www.wikidata.org/entity/Q171337,Q171337,Williams Racing,British Formula One team and constructor,0.8
